,0
0,https://blog.naver.com/yujin5093/222210442940
1,https://blog.naver.com/wgj1290/222219784291
2,https://blog.naver.com/ch_review/222217577974
3,https://blog.naver.com/kjsunj/222211122982
4,https://blog.naver.com/yahomilk/222204267720
5,https://blog.naver.com/leesohyun1130/222192824206
6,https://blog.naver.com/nashin621/222226962533
7,https://blog.naver.com/hambaksmile2020/222221977843
8,https://blog.naver.com/xowl4541/222204411338
9,https://blog.naver.com/tiurfeparg/222193002855
10,https://blog.naver.com/brainpensieve/222201793033
11,https://blog.naver.com/formular0000/222193975536
12,https://blog.naver.com/wgshmth/222225172411
13,https://blog.naver.com/wvfamily/222219343707
14,https://blog.naver.com/h2ogirll/222223671836
15,https://blog.naver.com/sunny1976_/222192777916
16,https://blog.naver.com/leesohyun1130/222204313412
17,https://blog.naver.com/celebr19/222197340887
18,https://blog.naver.com/kachisan/222205350372
19,https://blog.naver.com/rare_bear/222225798736
20,https://blog.naver.com/lsj5272/222212629201
21,https://blog.naver.com/rang816/222193201976
22,https://blog.naver.com/realaroa/222194222549
23,https://blog.naver.com/smart-touch/222199827979
24,https://serendifity-life.tistory.com/108
25,https://blog.naver.com/toyo2400kr/222195737866
26,https://blog.naver.com/mikyounghi2018/222203733921
27,https://blog.naver.com/thyoon55/222192795746
28,https://blog.naver.com/kjwrosa/222194066161
29,https://blog.naver.com/lovingsong/222213542521
30,https://blog.naver.com/best_seul/222193117771
31,https://blog.naver.com/7siete7/222196198282
32,https://blog.naver.com/qlcskdiq/222200891016
33,https://blog.naver.com/dreamnalido/222212218460
34,https://blog.naver.com/psl5341/222193349308
35,https://blog.naver.com/atlas_copco/222214681886
36,https://blog.naver.com/naturalree12/222225132756
37,https://blog.naver.com/tsichuan/222219241979
38,https://blog.naver.com/future4all/222197111012
39,https://www.lifentalk.com/2221
40,https://blog.naver.com/same138/222223721067
41,https://blog.naver.com/ping911/222221102795
42,https://blog.naver.com/ysc14/222211004555
43,https://blog.naver.com/piporo1213/222213616019
44,https://blog.naver.com/yahomilk/222210715612
45,https://blog.naver.com/neposkim2/222200469569
46,https://blog.naver.com/kayeye2/222207068599
47,https://blog.naver.com/future4all/222197202007
48,https://blog.naver.com/bigparksang/222217844039
49,https://blog.naver.com/cocoa0322/222207003105
50,https://blog.naver.com/goesan-gun/222199304251
51,https://blog.naver.com/elsalovesyou/222209230144
52,https://blog.naver.com/joyflow/222207742135
53,https://blog.naver.com/zbxl_vmel/222210422646
54,https://blog.naver.com/kcc_press/222200817960
55,https://blog.naver.com/pingu96/222201295016
56,https://blog.naver.com/ohtoeic/222197548400
57,https://blog.naver.com/qordmstnr82/222196015891
58,https://blog.naver.com/bdongbdong/222205432209
59,https://blog.naver.com/j84y84/222215407435
60,https://blog.naver.com/soyeonkim1058/222215673552
61,https://blog.naver.com/bunnybanii/222194122423
62,https://blog.naver.com/twiinimd/222195312417
63,https://blog.naver.com/naoky0510/222218790090
64,https://blog.naver.com/itc777/222204495679
65,https://blog.naver.com/taeshin25/222202900006
66,https://blog.naver.com/dr-bae/222202855187
67,https://blog.naver.com/hrk307/222193973905
68,https://blog.naver.com/suyoun06289/222216171029
69,https://blog.naver.com/a1126631/222193953916
70,https://blog.naver.com/wldus7865/222219510015
71,https://blog.naver.com/peacekymca/222200047331
72,https://blog.naver.com/wldls3196/222209307801
73,https://blog.naver.com/lllykslll/222196463479
74,https://blog.naver.com/khej2014/222225321281
75,https://blog.naver.com/designdat1/222207097867
76,https://blog.naver.com/ksj2305/222222821621
77,https://blog.naver.com/hongsh0210/222224123601
78,https://blog.naver.com/sadpp/222223012913
79,https://blog.naver.com/hrpark9048/222204305562
80,https://blog.naver.com/youngsters/222202151886
81,https://blog.naver.com/hs920257/222223759249
82,https://blog.naver.com/sa4053/222209066795
83,https://blog.naver.com/miinziu/222224055622
84,https://blog.naver.com/ksue89/222223508946
85,https://blog.naver.com/cham3loves/222196862434
86,https://blog.naver.com/cocoa0322/222206464991
87,https://blog.naver.com/luxury100su/222222399592
88,https://blog.naver.com/polayoo/222211028764
89,https://blog.naver.com/ekffufkskeod/222219920222
90,https://blog.naver.com/cowu9915/222223581825
91,https://blog.naver.com/m00ndan_/222219554902
92,https://blog.naver.com/karaa2/222210417019
93,https://blog.naver.com/medicoach/222205463835
94,https://blog.naver.com/ejinienglish/222211338393
95,https://blog.naver.com/suzy1016/222213120783
96,https://blog.naver.com/vividyg/222223705717
97,https://madamamy.tistory.com/87
98,https://blog.naver.com/pelov07/222205397360
99,https://blog.naver.com/ilsangrace/222193899960
100,https://blog.naver.com/ami061/222193891524
101,https://blog.naver.com/eeehhh125/222217205721
102,https://blog.naver.com/simon11/222225278461
103,https://blog.naver.com/radungimom/222213490778
104,https://blog.naver.com/smdpnp/222224213974
105,https://blog.naver.com/trisha0527/222193687806
106,https://blog.naver.com/yerimess/222217963388
107,https://blog.naver.com/fkdud1007/222224845595
108,https://blog.naver.com/kimyw0864/222192954095
109,https://blog.naver.com/9809mountain/222196386198
110,https://blog.naver.com/borayo1/222225463545
111,https://realtopic.tistory.com/161
112,https://blog.naver.com/modubig/222212409220
113,https://lab912.tistory.com/1119
114,https://blog.naver.com/1958316/222205515399
115,https://blog.naver.com/lily_s2ong/222210729051
116,https://blog.naver.com/dpsk4450/222196625320
117,https://blog.naver.com/lipsul7/222224611496
118,https://blog.naver.com/summer_1206/222207389214
119,https://blog.naver.com/pinkhat/222220016277
120,https://blog.naver.com/jjlr4114/222212128762
121,https://blog.naver.com/mutjaeng22/222201863950
122,https://blog.naver.com/kny2010307/222223950593
123,https://blog.naver.com/qkrgkals0309/222192974454
124,https://blog.naver.com/rmstn8426/222192578110
125,https://blog.naver.com/jsd8214/222201207001
126,https://blog.naver.com/sonyunyamap/222221480805
127,https://blog.naver.com/lemoniasyung/222202222237
128,https://blog.naver.com/lifelove-/222201417162
129,https://blog.naver.com/yui08/222222878070
130,https://blog.naver.com/ssunny079/222216204054
131,https://blog.naver.com/imaginaire19/222202832913
132,https://blog.naver.com/jemjae/222225854990
133,https://blog.naver.com/nh_hana/222201899959
134,https://blog.naver.com/singsong628/222203534931
135,https://blog.naver.com/life_culture/222219795013
136,https://blog.naver.com/philben0/222193705667
137,https://blog.naver.com/aeran0704/222205460123
138,https://blog.naver.com/sisawide/222200699015
139,https://blog.naver.com/kukgyo/222207127240
140,https://blog.naver.com/kwtotalnews/222212556058
141,https://blog.naver.com/maynrose/222216101766
142,https://blog.naver.com/wonjae962005/222214360061
143,https://blog.naver.com/17sexy/222206750761
144,https://blog.naver.com/17sexy/222220282967
145,https://blog.naver.com/gachiga73/222208718758
146,https://blog.naver.com/17sexy/222218207820
147,https://blog.naver.com/17sexy/222204482044
148,https://blog.naver.com/kcghana/222206455589
149,https://blog.naver.com/elel1109/222223176458
150,https://blog.naver.com/jjlr4114/222212128762
151,https://blog.naver.com/mutjaeng22/222201863950
152,https://blog.naver.com/kny2010307/222223950593
153,https://blog.naver.com/qkrgkals0309/222192974454
154,https://blog.naver.com/rmstn8426/222192578110
155,https://blog.naver.com/jsd8214/222201207001
156,https://blog.naver.com/sonyunyamap/222221480805
157,https://blog.naver.com/lemoniasyung/222202222237
158,https://blog.naver.com/lifelove-/222201417162
159,https://blog.naver.com/yui08/222222878070
160,https://blog.naver.com/ssunny079/222216204054
161,https://blog.naver.com/imaginaire19/222202832913
162,https://blog.naver.com/jemjae/222225854990
163,https://blog.naver.com/nh_hana/222201899959
164,https://blog.naver.com/singsong628/222203534931
165,https://blog.naver.com/life_culture/222219795013
166,https://blog.naver.com/philben0/222193705667
167,https://blog.naver.com/aeran0704/222205460123
168,https://blog.naver.com/sisawide/222200699015
169,https://blog.naver.com/kukgyo/222207127240
170,https://blog.naver.com/kwtotalnews/222212556058
171,https://blog.naver.com/maynrose/222216101766
172,https://blog.naver.com/wonjae962005/222214360061
173,https://blog.naver.com/17sexy/222206750761
174,https://blog.naver.com/17sexy/222220282967
175,https://blog.naver.com/gachiga73/222208718758
176,https://blog.naver.com/17sexy/222218207820
177,https://blog.naver.com/17sexy/222204482044
178,https://blog.naver.com/kcghana/222206455589
179,https://blog.naver.com/elel1109/222223176458
180,https://blog.naver.com/moondo97/222196589308
181,https://blog.naver.com/wvfamily/222219343707
182,https://blog.naver.com/running_ah/222193901746
183,https://blog.naver.com/jackpoth/222196062915
184,https://blog.naver.com/jumpnu/222204985961
185,https://blog.naver.com/naturalree12/222225132756
186,https://blog.naver.com/elsalovesyou/222209230144
187,https://blog.naver.com/soyeonkim1058/222215673552
188,https://blog.naver.com/fa11inlove77/222195175582
189,https://blog.naver.com/rosy-blossom/222210743341
190,https://blog.naver.com/hsmdudu/222217750632
191,https://blog.naver.com/psl5341/222193349308
192,https://blog.naver.com/wldls3196/222209307801
193,https://blog.naver.com/shi_lver/222210141366
194,https://blog.naver.com/zbxl_vmel/222210422646
195,https://blog.naver.com/hrpark9048/222204305562
196,https://blog.naver.com/fabulous825/222201950964
197,https://blog.naver.com/demiji81/222217173845
198,https://felkmt.tistory.com/4189
199,https://blog.naver.com/hyung0985/222206631600
200,https://blog.naver.com/gmlwnwhddlf/222212261966
201,https://blog.naver.com/hym2462/222225246066
202,https://blog.naver.com/legojun20/222196219188
203,https://blog.naver.com/fndps14/222211897856
204,https://blog.naver.com/hsy7781/222223635136
205,https://blog.naver.com/sonyunyamap/222221480805
206,https://blog.naver.com/ssunny079/222216204054
207,https://blog.naver.com/gachiga73/222208718758
208,https://blog.naver.com/elel1109/222223176458
209,https://blog.naver.com/yujin5093/222210442940
210,https://blog.naver.com/dreamnalido/222212218460
211,https://blog.naver.com/choicindy7/222197820141
212,https://blog.naver.com/elsalovesyou/222209230144
213,https://blog.naver.com/pt_yeon/222225504464
214,https://blog.naver.com/impear/222225354614
215,https://blog.naver.com/dpsk4450/222196625320
216,https://blog.naver.com/rmstn8426/222192578110
217,https://blog.naver.com/shi_lver/222210141366
218,https://blog.naver.com/legojun20/222204214348
